employee_id,hire_date,termination_date,status,salary,department,job_title
E1000,2019-02-21,,Active,161440,FIN,Director
E1001,2017-02-12,,active,139515,FIN,Coordinator
E1002,2019-03-13,,ACTIVE,92899,ENG,Coordinator
E1003,2017-03-20,,active,110731,Human Resources,Manager
E1004,2018-07-25,,active,147169,Finance,Engineer
E1005,2016-11-21,,active,67819,Finance,Coordinator
E1006,2022-06-08,,active,59115,Finance,Engineer
E1007,2018-06-28,,active,100227,FIN,Director
E1008,2021-04-22,2021-03-08,terminated,137894,Engineering,Coordinator
E1009,2018-11-10,2021-10-12,Term,105064,HR,Manager
E1010,2022-04-24,,Active,76288,HR,Manager
E1011,2023-02-16,,active,63624,MKT,Manager
E1012,2019-01-21,,Active,143971,FIN,Director
E1013,2020-04-02,,ACTIVE,140763,FIN,Director
E1014,2020-01-03,,Active,134899,MKT,Coordinator
E1015,2016-09-29,,ACTIVE,113253,HR,Engineer
E1016,2023-12-09,,Active,143724,Finance,Engineer
E1017,2020-07-05,,active,100621,ENG,Manager
E1018,2023-08-26,2025-01-27,Term,161995,MKT,Coordinator
E1019,2018-07-11,,active,80681,HR,Engineer
E1020,2021-10-22,,ACTIVE,62243,ENG,Director
E1021,2019-03-10,,ACTIVE,93020,ENG,Manager
E1022,2020-08-15,,ACTIVE,124210,FIN,Analyst
E1023,2021-05-17,,Active,123828,FIN,Coordinator
E1024,2023-06-21,,active,88324,HR,Coordinator
E1025,2019-08-24,,active,126338,ENG,Analyst
E1026,2024-05-15,,Active,113118,FIN,Coordinator
E1027,2019-12-21,,Active,148860,HR,Coordinator
E1028,2020-10-29,2022-09-01,terminated,93063,ENG,Director
E1029,2023-11-12,,Active,157148,FIN,Manager
E1030,2020-06-08,,active,114758,MKT,Manager
E1031,2018-06-09,,ACTIVE,144467,Finance,Engineer
E1032,2018-07-12,,ACTIVE,145711,FIN,Engineer
E1033,2019-06-20,2020-03-12,Term,152279,ENG,Coordinator
E1034,2021-04-30,,ACTIVE,66581,Finance,Manager
E1035,2017-05-15,2018-05-14,Terminated,88239,MKT,Analyst
E1036,2021-05-30,2024-10-24,Terminated,1040000,FIN,Director
E1037,2023-03-26,2026-06-18,Term,70356,FIN,Coordinator
E1038,2021-05-24,2023-12-05,terminated,102211,Marketing,Analyst
E1039,2022-06-08,,ACTIVE,65101,Finance,Director
E1040,2018-07-05,,ACTIVE,132976,Finance,Director
E1041,2019-03-07,,active,140640,FIN,Manager
E1042,2019-10-23,,active,84879,MKT,Manager
E1043,2017-04-16,,active,153842,MKT,Director
E1044,2022-05-11,,active,98318,Finance,Manager
E1045,2022-09-21,2027-06-14,Term,98110,HR,Director
E1046,2023-04-12,2026-03-20,Terminated,120697,Marketing,Director
E1047,2026-06-07,2026-03-26,Term,109169,Marketing,Coordinator
E1048,2024-04-14,2029-01-22,Terminated,90177,MKT,Coordinator
E1049,2016-01-21,,Active,60367,ENG,Manager
E1050,2023-03-09,,Active,124253,Marketing,Director
E1051,2022-11-03,,active,91368,ENG,Engineer
E1052,2019-03-28,,Active,78155,Engineering,Coordinator
E1053,2018-08-07,2020-06-20,terminated,136804,ENG,Director
E1054,2019-03-05,,ACTIVE,139774,Engineering,Analyst
E1055,2020-07-23,2024-01-28,Terminated,93138,Engineering,Director
E1056,2018-11-16,2022-09-26,terminated,150583,ENG,Analyst
E1057,2016-01-13,,Active,129213,FIN,Coordinator
E1058,2021-10-13,2022-11-18,terminated,104029,MKT,Manager
E1059,2023-06-27,,active,132508,HR,Analyst
E1060,2019-08-27,,Active,133351,Marketing,Manager
E1061,2020-12-28,2024-03-07,Term,109623,Engineering,Engineer
E1062,2020-03-29,,ACTIVE,103440,FIN,Director
E1063,2022-07-04,2024-06-23,Terminated,142048,Marketing,Analyst
E1064,2022-06-02,,ACTIVE,91760,Human Resources,Manager
E1065,2021-07-28,,active,73737,MKT,Director
E1066,2021-05-04,2026-01-20,terminated,140656,Finance,Director
E1067,2017-03-06,,active,137502,FIN,Analyst
E1068,2016-10-12,,ACTIVE,94055,Engineering,Analyst
E1069,2016-09-08,2020-01-17,terminated,1040000,HR,Director
E1070,2019-11-16,2020-03-10,Term,91363,Finance,Engineer
E1071,2020-03-06,,active,139417,Finance,Manager
E1072,2018-03-29,,active,78660,MKT,Manager
E1073,2024-02-24,,active,68138,FIN,Coordinator
E1074,2023-10-21,,active,84055,Engineering,Manager
E1075,2022-05-18,,Active,73387,Finance,Manager
E1076,2020-06-26,2025-05-21,Terminated,148783,Human Resources,Manager
E1077,2020-12-09,,Active,116745,FIN,Coordinator
E1078,2016-04-02,,ACTIVE,110418,HR,Manager
E1079,2018-08-16,,ACTIVE,95844,Engineering,Analyst
E1080,2021-02-19,2025-02-27,terminated,89909,FIN,Director
E1081,2019-04-26,,Active,131697,ENG,Analyst
E1082,2021-12-08,2025-08-20,Term,106299,MKT,Director
E1083,2024-01-27,,Active,105799,Finance,Engineer
E1084,2021-04-06,,Active,70665,Human Resources,Engineer
E1085,2022-08-25,,active,135450,MKT,Director
E1086,2016-02-18,,Active,128188,Engineering,Coordinator
E1087,2022-02-17,,active,1040000,Engineering,Analyst
E1088,2018-08-03,2020-09-30,Terminated,99173,FIN,Engineer
E1089,2019-06-22,2021-11-17,terminated,138010,ENG,Director
E1090,2020-05-10,2024-05-30,Term,84725,Finance,Coordinator
E1091,2021-03-11,,Active,94612,MKT,Coordinator
E1092,2018-11-30,,ACTIVE,121527,ENG,Analyst
E1093,2021-08-20,,ACTIVE,98325,Engineering,Director
E1094,2019-08-31,,Active,153191,ENG,Manager
E1095,2018-11-23,,active,160034,Finance,Analyst
E1096,2018-02-17,2019-05-14,terminated,142178,Engineering,Manager
E1097,2020-09-05,,ACTIVE,152549,HR,Engineer
E1098,2023-09-27,2025-07-05,terminated,156495,MKT,Coordinator
E1099,2021-11-13,,ACTIVE,136018,Finance,Manager
E1100,2024-04-02,2024-07-31,Terminated,83736,Marketing,Director
E1101,2024-04-15,2027-09-21,terminated,117451,ENG,Manager
E1102,2022-05-22,,ACTIVE,75197,ENG,Director
E1103,2018-01-23,2020-06-04,Term,100229,Engineering,Coordinator
E1104,2017-06-12,,Active,73684,Marketing,Engineer
E1105,2018-12-31,,ACTIVE,150527,Marketing,Coordinator
E1106,2019-05-07,,ACTIVE,158551,MKT,Analyst
E1107,2019-12-08,,ACTIVE,70346,MKT,Manager
E1108,2019-09-15,2020-04-06,Term,107359,ENG,Director
E1109,2018-10-11,2021-05-02,Terminated,108243,ENG,Manager
E1110,2022-05-24,2026-01-04,Terminated,62105,MKT,Analyst
E1111,2017-05-18,,ACTIVE,129690,ENG,Analyst
E1112,2023-08-02,,active,80667,ENG,Manager
E1113,2018-09-16,,active,149276,MKT,Coordinator
E1114,2017-08-12,2022-06-05,Term,74392,Marketing,Coordinator
E1115,2019-04-21,,ACTIVE,108694,Finance,Coordinator
E1116,2017-04-03,,Active,115561,Finance,Director
E1117,2018-03-21,2021-02-19,Terminated,111018,HR,Coordinator
E1118,2021-10-03,,Active,77309,Engineering,Manager
E1119,2017-10-05,,Active,54431,Human Resources,Coordinator
E1120,2021-04-20,2021-11-04,terminated,80905,Human Resources,Director
E1121,2016-10-22,2018-09-03,Terminated,98311,Engineering,Coordinator
E1122,2023-07-26,,ACTIVE,106569,FIN,Engineer
E1123,2020-12-02,,active,66798,Marketing,Director
E1124,2020-04-08,,Active,157130,Finance,Manager
E1125,2019-07-18,2024-02-26,Term,97006,Human Resources,Coordinator
E1126,2020-02-23,,ACTIVE,58716,HR,Manager
E1127,2018-08-29,,Active,98341,Finance,Manager
E1128,2017-02-05,,Active,125222,Marketing,Analyst
E1129,2024-04-30,,Active,71104,ENG,Engineer
E1130,2018-11-08,,Active,81062,Engineering,Director
E1131,2023-03-14,,ACTIVE,141925,Marketing,Analyst
E1132,2021-12-14,,active,78488,ENG,Director
E1133,2018-09-11,,active,123839,Engineering,Director
E1134,2023-07-27,,active,80485,Finance,Coordinator
E1135,2021-06-06,2024-04-22,terminated,72187,Finance,Director
E1136,2021-07-30,,active,111501,MKT,Coordinator
E1137,2020-10-11,,ACTIVE,94613,FIN,Engineer
E1138,2024-01-07,2025-05-29,Term,142311,ENG,Director
E1139,2016-10-04,,ACTIVE,53208,Marketing,Analyst
E1140,2017-04-18,2018-04-23,Term,75344,Marketing,Director
E1141,2022-04-09,,Active,105354,FIN,Manager
E1142,2021-01-01,,ACTIVE,73251,Marketing,Engineer
E1143,2023-12-05,2024-05-17,terminated,131433,FIN,Manager
E1144,2022-09-20,2023-09-18,terminated,62851,Marketing,Engineer
E1145,2023-11-23,,Active,147518,MKT,Analyst
E1146,2016-06-08,,ACTIVE,109952,ENG,Analyst
E1147,2019-02-18,,active,149046,Human Resources,Engineer
E1148,2023-04-14,,ACTIVE,157923,Human Resources,Coordinator
E1149,2017-10-07,,ACTIVE,156323,Finance,Manager
E1150,2022-05-06,,active,149610,ENG,Manager
E1151,2019-12-24,2024-11-13,Term,71515,MKT,Director
E1152,2019-05-09,2023-10-28,Terminated,101147,Marketing,Engineer
E1153,2022-09-28,,ACTIVE,122347,Human Resources,Engineer
E1154,2019-11-24,2021-07-14,terminated,57795,FIN,Manager
E1155,2020-05-25,,ACTIVE,101096,ENG,Director
E1156,2020-04-09,2022-07-29,Term,152476,Finance,Director
E1157,2016-09-02,,active,122006,Marketing,Director
E1158,2018-07-01,2022-06-19,Term,127026,HR,Analyst
E1159,2018-11-23,,active,110024,MKT,Analyst
E1160,2023-11-02,2026-10-09,Term,156489,Engineering,Analyst
E1161,2023-06-09,,ACTIVE,141950,Engineering,Analyst
E1162,2016-08-23,,active,80472,Engineering,Analyst
E1163,2016-01-10,2016-11-14,terminated,149064,HR,Engineer
E1164,2021-07-23,,ACTIVE,155049,FIN,Director
E1165,2021-07-14,,ACTIVE,157402,MKT,Coordinator
E1166,2018-12-15,,active,61765,HR,Engineer
E1167,2020-06-22,,ACTIVE,118479,Engineering,Manager
E1168,2023-04-16,,ACTIVE,93869,MKT,Analyst
E1169,2019-03-13,,Active,59143,Engineering,Engineer
E1170,2017-06-10,,ACTIVE,122438,Finance,Engineer
E1171,2017-08-04,,Active,101721,Engineering,Director
E1172,2023-06-20,,Active,149255,HR,Coordinator
E1173,2018-03-20,2019-08-28,Term,77866,Human Resources,Director
E1174,2021-03-31,,active,85656,FIN,Manager
E1175,2022-03-19,2023-09-24,terminated,142277,Finance,Director
E1176,2021-01-17,,Active,153689,Marketing,Manager
E1177,2019-02-02,2020-12-13,terminated,108071,FIN,Director
E1178,2016-01-12,,ACTIVE,112348,MKT,Director
E1179,2021-12-05,2024-01-02,Terminated,53336,Engineering,Director
E1180,2020-12-29,,active,138661,Human Resources,Director
E1181,2022-09-28,,active,80639,Engineering,Analyst
E1182,2020-08-03,,active,98492,HR,Coordinator
E1183,2018-11-30,2018-11-01,Terminated,160718,Marketing,Analyst
E1184,2020-08-06,,active,142041,Marketing,Engineer
E1185,2017-01-06,,Active,62938,Marketing,Director
E1186,2021-09-15,,ACTIVE,52133,FIN,Coordinator
E1187,2022-03-31,,Active,110771,Human Resources,Coordinator
E1188,2024-01-09,2026-05-21,Term,64107,Marketing,Director
E1189,2021-03-27,2021-10-20,terminated,97795,Finance,Manager
E1190,2019-10-31,,active,130219,MKT,Analyst
E1191,2020-06-26,2023-07-04,terminated,106499,Engineering,Director
E1192,2019-11-15,,ACTIVE,135684,Finance,Analyst
E1193,2016-10-20,,Active,79811,MKT,Engineer
E1194,2019-10-27,,Active,70573,Engineering,Analyst
E1195,2016-01-20,2019-01-07,terminated,134150,Human Resources,Engineer
E1196,2022-05-12,,active,64944,Human Resources,Coordinator
E1197,2021-04-06,,active,110114,HR,Director
E1198,2023-11-02,,ACTIVE,67853,Marketing,Engineer
E1199,2022-11-14,,Active,123500,MKT,Coordinator
E1200,2020-09-19,,Active,75735,HR,Coordinator
E1201,2016-03-27,,ACTIVE,104045,HR,Director
E1202,2022-03-20,2022-01-11,Terminated,72685,HR,Analyst
E1203,2020-06-08,2022-01-05,Term,132515,Marketing,Manager
E1204,2023-11-04,,ACTIVE,109546,HR,Manager
E1205,2019-11-18,,active,106734,Engineering,Engineer
E1206,2017-01-28,2020-01-17,Term,95614,HR,Director
E1207,2018-11-29,,active,111795,Finance,Analyst
E1208,2019-06-02,2021-11-09,Term,126422,FIN,Engineer
E1209,2019-04-24,,Active,110930,ENG,Director
E1210,2017-05-16,,Active,109923,MKT,Manager
E1211,2021-08-07,2024-07-31,Terminated,123582,Finance,Manager
E1212,2022-10-30,2027-06-05,terminated,153017,HR,Analyst
E1213,2017-03-23,2018-07-15,terminated,116112,Human Resources,Engineer
E1214,2021-12-05,2025-11-20,Terminated,104469,Human Resources,Director
E1215,2021-10-03,,active,101840,FIN,Director
E1216,2023-07-26,2025-12-14,terminated,117044,Finance,Manager
E1217,2019-07-26,,Active,141915,MKT,Engineer
E1218,2022-03-14,2022-01-19,Term,110488,HR,Coordinator
E1219,2021-03-22,2023-02-15,Term,54981,Finance,Engineer
E1220,2019-02-07,,active,68281,HR,Engineer
E1221,2016-06-25,,Active,91997,Marketing,Director
E1222,2022-06-29,,Active,53147,MKT,Manager
E1223,2024-02-06,,active,83347,FIN,Manager
E1224,2020-08-25,,ACTIVE,87711,Marketing,Manager
E1225,2017-10-24,,ACTIVE,98481,HR,Coordinator
E1226,2017-01-19,,Active,64489,HR,Director
E1227,2022-06-16,,Active,152760,FIN,Analyst
E1228,2023-03-19,,ACTIVE,97408,Engineering,Coordinator
E1229,2019-09-17,2021-12-31,Term,96962,ENG,Manager
E1230,2022-04-12,,ACTIVE,126744,HR,Manager
E1231,2019-07-12,,Active,111859,ENG,Coordinator
E1232,2019-04-20,,Active,127673,MKT,Coordinator
E1233,2023-08-17,,Active,118821,FIN,Analyst
E1234,2023-12-12,,Active,131941,MKT,Analyst
E1235,2024-06-27,,active,112375,Marketing,Coordinator
E1236,2021-01-26,2022-11-13,Terminated,95805,Finance,Coordinator
E1237,2021-06-13,,Active,62910,MKT,Manager
E1238,2023-10-23,,Active,100860,Engineering,Director
E1239,2021-02-02,,active,136246,MKT,Analyst
E1240,2020-07-07,,Active,99538,HR,Engineer
E1241,2020-01-12,,Active,143508,MKT,Manager
E1242,2019-03-18,,ACTIVE,68393,ENG,Director
E1243,2021-05-15,,ACTIVE,62028,HR,Director
E1244,2016-02-11,2019-06-23,Terminated,55548,Finance,Analyst
E1245,2022-10-07,,ACTIVE,124459,Finance,Coordinator
E1246,2020-02-04,,Active,97722,HR,Coordinator
E1247,2023-09-16,,Active,130731,Human Resources,Engineer
E1248,2021-09-02,,Active,156952,Finance,Manager
E1249,2017-03-12,,Active,141662,Engineering,Analyst
E1250,2018-08-19,2022-05-14,Term,1040000,ENG,Engineer
E1251,2024-02-25,,Active,57640,HR,Analyst
E1252,2023-06-03,,active,129986,Marketing,Coordinator
E1253,2020-01-05,,active,150189,Human Resources,Analyst
E1254,2023-04-18,2026-01-25,Terminated,137923,ENG,Manager
E1255,2021-08-09,,Active,137594,Engineering,Analyst
E1256,2020-02-13,,Active,136531,HR,Analyst
E1257,2019-09-10,,ACTIVE,58091,HR,Manager
E1258,2022-01-15,2026-09-21,Terminated,107266,MKT,Manager
E1259,2020-07-02,,ACTIVE,77464,HR,Analyst
E1260,2016-04-03,,active,94055,Engineering,Manager
E1261,2020-06-22,,active,63055,Marketing,Engineer
E1262,2017-09-07,,ACTIVE,113101,MKT,Director
E1263,2020-11-29,2023-08-25,terminated,106168,Marketing,Coordinator
E1264,2017-04-30,,ACTIVE,92485,FIN,Analyst
E1265,2020-06-22,,active,131594,Marketing,Engineer
E1266,2018-04-17,,Active,140017,Marketing,Engineer
E1267,2023-05-22,2027-08-24,Terminated,52476,Human Resources,Manager
E1268,2022-03-28,,active,97607,Marketing,Analyst
E1269,2023-06-30,,Active,84076,Finance,Engineer
E1270,2020-09-09,,active,90916,HR,Coordinator
E1271,2018-11-23,,ACTIVE,133775,Marketing,Coordinator
E1272,2017-12-30,,ACTIVE,158966,HR,Analyst
E1273,2024-04-29,,ACTIVE,77822,Engineering,Manager
E1274,2019-03-05,,Active,110984,ENG,Analyst
E1275,2020-02-05,,active,58223,Human Resources,Manager
E1007,2017-10-19,,ACTIVE,53413,Finance,Analyst
E1277,2020-05-18,,Active,134399,FIN,Coordinator
E1278,2017-01-29,,Active,106830,ENG,Coordinator
E1279,2020-01-10,,Active,90852,Engineering,Engineer
E1280,2018-09-20,,active,103369,Finance,Coordinator
E1281,2024-01-02,,ACTIVE,146479,Marketing,Director
E1282,2016-10-06,,ACTIVE,143780,Engineering,Coordinator
E1283,2018-04-26,,active,108606,MKT,Manager
E1284,2023-09-22,2023-09-08,Terminated,143207,MKT,Coordinator
E1285,2021-08-13,,active,127152,ENG,Director
E1286,2018-01-23,,Active,139210,Finance,Analyst
E1287,2016-06-10,,Active,69412,Finance,Manager
E1288,2021-10-31,,active,67638,MKT,Coordinator
E1289,2017-08-27,,ACTIVE,129078,Finance,Analyst
E1290,2021-09-05,2025-06-15,Terminated,104278,ENG,Director
E1291,2018-12-11,,Active,128693,FIN,Coordinator
E1292,2019-08-05,,ACTIVE,121536,FIN,Analyst
E1293,2023-12-16,2028-07-09,Term,89263,Finance,Coordinator
E1294,2022-04-05,,ACTIVE,115251,Finance,Engineer
E1295,2023-05-09,2023-08-14,Term,121729,ENG,Coordinator
E1296,2016-04-23,,active,161302,Engineering,Director
E1297,2018-06-17,,Active,109956,MKT,Analyst
E1298,2018-10-14,,ACTIVE,70540,Finance,Manager
E1299,2018-11-07,2019-12-15,Terminated,152283,Marketing,Manager
E1300,2021-06-25,2024-08-20,Terminated,94618,Marketing,Analyst
E1301,2020-07-01,,ACTIVE,72125,MKT,Coordinator
E1302,2018-12-02,2023-03-17,terminated,93175,FIN,Coordinator
E1303,2018-01-09,,Active,96664,Engineering,Engineer
E1304,2016-02-27,2018-12-24,Terminated,94901,ENG,Manager
E1305,2020-07-30,2025-04-06,Term,74878,FIN,Director
E1306,2017-02-01,,Active,133666,Human Resources,Manager
E1307,2022-08-26,2027-05-30,Terminated,151573,MKT,Engineer
E1308,2019-06-03,2019-12-11,Terminated,52352,Finance,Manager
E1309,2018-03-05,,Active,159166,Finance,Engineer
E1310,2022-06-17,,ACTIVE,156698,HR,Manager
E1311,2021-04-16,,active,54019,HR,Director
E1312,2022-02-13,,ACTIVE,116617,Finance,Manager
E1313,2024-01-14,,ACTIVE,64364,Marketing,Engineer
E1314,2018-04-27,2022-12-24,Term,55716,ENG,Director
E1315,2023-09-10,,ACTIVE,143743,Marketing,Analyst
E1316,2024-04-13,2024-11-02,Term,64396,Engineering,Engineer
E1317,2016-07-31,,Active,138335,MKT,Coordinator
E1318,2023-10-16,2024-03-17,Terminated,71105,Finance,Analyst
E1319,2021-02-10,,ACTIVE,125099,MKT,Coordinator
E1320,2024-06-10,,ACTIVE,86498,ENG,Coordinator
E1321,2020-07-25,,Active,56372,Finance,Analyst
E1322,2017-07-28,2021-04-23,Term,148008,Engineering,Engineer
E1323,2016-06-08,,active,56412,Human Resources,Director
E1324,2021-10-20,,Active,106379,Marketing,Manager
E1325,2017-01-31,,ACTIVE,138990,Marketing,Coordinator
E1326,2019-11-25,2021-09-04,Term,132529,Human Resources,Coordinator
E1327,2021-11-20,,Active,97685,FIN,Analyst
E1328,2022-01-18,2021-11-08,terminated,133809,MKT,Coordinator
E1329,2021-04-21,2024-08-24,terminated,52332,HR,Manager
E1330,2020-08-21,,ACTIVE,100244,Finance,Analyst
E1331,2024-04-22,,active,150743,HR,Manager
E1332,2022-01-27,2025-11-23,terminated,113267,ENG,Coordinator
E1333,2018-07-14,2018-05-27,Terminated,85585,Marketing,Analyst
E1334,2017-05-19,2019-09-06,Term,106251,Engineering,Engineer
E1099,2023-03-25,,Active,114389,HR,Analyst
E1336,2024-06-25,,ACTIVE,88478,Marketing,Engineer
E1337,2024-03-02,,ACTIVE,117490,FIN,Analyst
E1338,2020-09-18,,active,97466,Human Resources,Engineer
E1339,2017-03-29,2020-09-09,Term,106289,Engineering,Director
E1340,2024-01-28,,ACTIVE,133518,MKT,Analyst
E1341,2021-05-19,,Active,120694,ENG,Analyst
E1342,2018-09-15,2021-12-24,terminated,97956,MKT,Director
E1343,2023-05-11,,ACTIVE,153273,Engineering,Engineer
E1344,2019-03-15,,Active,138927,ENG,Coordinator
E1345,2022-12-09,,active,78684,HR,Coordinator
E1346,2016-05-06,,active,131199,FIN,Analyst
E1347,2018-03-18,2020-06-06,Terminated,75044,Engineering,Engineer
E1348,2018-12-29,2021-04-17,Term,141148,HR,Analyst
E1349,2021-03-24,,active,81234,HR,Engineer
E1350,2023-10-30,,ACTIVE,122572,FIN,Engineer
E1351,2022-06-03,,active,128568,Marketing,Manager
E1352,2023-10-12,,active,72986,Finance,Analyst
E1353,2016-03-25,2016-09-13,Term,124712,Finance,Coordinator
E1354,2022-12-27,,Active,91229,Engineering,Engineer
E1355,2022-11-20,,active,151643,HR,Engineer
E1356,2016-05-11,,ACTIVE,61875,MKT,Manager
E1357,2019-12-26,,ACTIVE,92338,ENG,Director
E1358,2018-12-24,,active,63071,Marketing,Engineer
E1359,2022-01-21,,Active,145319,ENG,Coordinator
E1360,2019-05-25,,ACTIVE,69476,ENG,Coordinator
E1361,2017-09-15,,ACTIVE,121165,Marketing,Director
E1362,2017-02-25,,Active,102568,Engineering,Engineer
E1363,2020-06-23,2025-03-13,Terminated,118244,HR,Engineer
E1364,2023-01-05,,ACTIVE,97463,Finance,Coordinator
E1365,2021-11-25,2024-01-29,terminated,73790,MKT,Director
E1366,2019-12-23,,ACTIVE,53298,Human Resources,Manager
E1367,2017-06-24,2018-02-26,terminated,103524,Finance,Director
E1368,2019-11-05,,ACTIVE,79638,Finance,Engineer
E1369,2024-02-25,,Active,73191,ENG,Coordinator
E1370,2018-06-17,2022-11-28,Terminated,60782,HR,Analyst
E1371,2023-10-17,2027-06-30,terminated,161514,ENG,Manager
E1372,2021-05-12,,Active,111667,ENG,Director
E1373,2022-05-06,,active,94485,Engineering,Engineer
E1374,2017-10-04,2018-03-04,terminated,101641,FIN,Engineer
E1375,2023-07-03,,active,55968,MKT,Analyst
E1376,2018-05-05,,active,117418,Engineering,Coordinator
E1377,2021-06-11,2025-05-27,Term,111165,Finance,Coordinator
E1378,2023-05-15,,active,113932,Human Resources,Coordinator
E1379,2022-09-30,,ACTIVE,113438,FIN,Manager
E1380,2016-04-05,,Active,84313,Engineering,Director
E1381,2022-05-11,,ACTIVE,90438,Finance,Engineer
E1382,2021-01-09,,active,66280,FIN,Coordinator
E1383,2018-12-18,,active,132564,Finance,Coordinator
E1033,2022-05-08,,Active,134563,MKT,Manager
E1385,2019-02-01,,active,124106,ENG,Analyst
E1386,2022-05-11,2023-08-17,terminated,145901,Finance,Director
E1387,2023-10-22,,ACTIVE,67673,Finance,Manager
E1388,2021-06-24,,ACTIVE,102122,FIN,Engineer
E1389,2021-09-17,,active,70635,MKT,Manager
E1390,2022-08-06,,Active,67971,MKT,Analyst
E1391,2017-05-08,2018-08-03,terminated,87684,ENG,Coordinator
E1392,2023-01-14,,ACTIVE,82742,ENG,Director
E1393,2018-03-11,,ACTIVE,130758,ENG,Director
E1394,2021-09-02,,ACTIVE,81395,ENG,Director
E1395,2020-07-28,,Active,77295,HR,Director
E1396,2016-05-22,2020-08-24,Terminated,131138,Engineering,Engineer
E1397,2017-11-19,,ACTIVE,114183,HR,Manager
E1398,2020-06-04,2023-01-19,Term,114134,Finance,Analyst
E1399,2023-10-05,,active,106239,MKT,Analyst
E1400,2023-03-07,,Active,88997,HR,Director
E1401,2018-12-29,,active,77702,ENG,Director
E1402,2016-09-03,,Active,121764,Finance,Coordinator
E1403,2023-06-04,2027-02-26,Term,61393,Finance,Analyst
E1404,2016-03-06,,ACTIVE,107339,HR,Coordinator
E1405,2024-05-21,,active,140559,HR,Director
E1406,2026-08-01,2026-06-05,terminated,57197,ENG,Manager
E1407,2023-09-30,2023-12-09,Terminated,1040000,HR,Director
E1408,2021-10-14,2023-11-26,terminated,69428,FIN,Analyst
E1409,2024-04-07,,Active,147273,HR,Engineer
E1410,2018-08-03,2020-04-13,terminated,124767,HR,Manager
E1411,2017-12-03,,ACTIVE,114524,MKT,Coordinator
E1412,2019-06-26,2024-05-18,Term,117834,FIN,Engineer
E1413,2022-08-01,2024-05-08,Terminated,73928,Marketing,Manager
E1414,2018-07-01,2021-11-23,Term,71289,FIN,Coordinator
E1415,2022-06-27,,Active,94711,Human Resources,Manager
E1416,2017-07-14,,ACTIVE,159602,Marketing,Engineer
E1417,2022-12-17,2024-10-10,terminated,139663,HR,Engineer
E1418,2021-05-29,,Active,75126,MKT,Manager
E1419,2018-03-17,,active,99877,HR,Coordinator
E1420,2021-09-05,,ACTIVE,121281,Marketing,Director
E1421,2017-09-02,,Active,75272,Human Resources,Analyst
E1422,2016-10-27,,active,102116,Engineering,Coordinator
E1423,2023-05-15,,ACTIVE,56697,MKT,Engineer
E1424,2018-12-15,,active,101403,ENG,Director
E1425,2021-09-24,2023-08-20,Term,113738,Human Resources,Coordinator
E1426,2018-08-16,2019-02-02,Term,92619,HR,Coordinator
E1427,2019-07-30,,Active,116596,Finance,Analyst
E1428,2019-03-08,,Active,96683,Finance,Engineer
E1429,2022-02-02,,Active,122138,Human Resources,Coordinator
E1430,2021-07-07,,Active,143037,Marketing,Director
E1431,2019-06-27,,Active,88488,FIN,Analyst
E1432,2023-06-02,,active,78334,ENG,Manager
E1433,2016-09-05,,ACTIVE,67369,HR,Engineer
E1434,2018-11-24,2022-05-11,Term,64728,Human Resources,Analyst
E1435,2024-06-24,2024-11-30,terminated,140356,Finance,Manager
E1436,2020-08-06,2023-03-19,Terminated,77981,Marketing,Coordinator
E1437,2018-07-08,,active,131834,MKT,Director
E1438,2023-08-02,,active,63366,Marketing,Manager
E1439,2021-04-28,2022-10-17,Term,113142,Engineering,Manager
E1440,2024-01-16,,active,126946,FIN,Engineer
E1441,2019-10-25,,ACTIVE,137726,ENG,Coordinator
E1442,2017-04-23,,active,96948,Finance,Manager
E1443,2016-08-31,,active,71633,HR,Director
E1444,2020-09-15,2022-09-22,Terminated,151462,ENG,Coordinator
E1445,2022-05-10,,active,66191,Finance,Director
E1446,2021-11-03,2024-09-27,Terminated,68321,ENG,Engineer
E1447,2016-01-11,,ACTIVE,114812,MKT,Coordinator
E1448,2016-04-12,2016-12-12,Term,94499,Engineering,Analyst
E1449,2018-10-27,,active,144328,ENG,Manager
E1450,2022-12-04,,Active,103300,Marketing,Analyst
E1451,2017-02-01,,ACTIVE,80543,FIN,Director
E1452,2017-06-16,,Active,60695,ENG,Director
E1453,2016-05-30,,active,142236,Marketing,Analyst
E1454,2018-08-20,,ACTIVE,160130,ENG,Analyst
E1455,2017-04-18,,ACTIVE,148867,Finance,Engineer
E1456,2018-07-12,,active,116029,ENG,Engineer
E1457,2024-03-11,,active,90694,FIN,Director
E1458,2017-05-08,,ACTIVE,137392,Engineering,Coordinator
E1459,2016-03-17,2019-09-25,terminated,161399,Finance,Director
E1460,2017-01-19,,Active,118565,HR,Engineer
E1461,2019-08-07,,active,108036,Human Resources,Analyst
E1462,2023-10-29,2024-10-06,terminated,120990,FIN,Engineer
E1463,2022-12-21,2027-06-26,terminated,139594,Engineering,Coordinator
E1464,2023-07-03,2027-08-21,Term,59928,HR,Engineer
E1465,2018-02-04,,Active,126238,FIN,Analyst
E1466,2020-06-11,,Active,150049,MKT,Director
E1467,2018-07-20,2018-05-24,terminated,144284,FIN,Analyst
E1468,2018-08-12,,ACTIVE,74699,Engineering,Analyst
E1469,2016-07-22,,Active,92074,ENG,Coordinator
E1470,2018-11-06,,ACTIVE,127464,Finance,Manager
E1471,2022-10-15,,ACTIVE,124591,Marketing,Director
E1472,2019-10-11,,ACTIVE,153084,Marketing,Coordinator
E1473,2016-04-30,,active,86077,Finance,Manager
E1474,2020-07-25,,Active,101225,Human Resources,Director
E1475,2023-07-02,,active,110645,ENG,Analyst
E1476,2024-03-14,,ACTIVE,123050,Engineering,Engineer
E1477,2019-02-25,,active,136339,FIN,Manager
E1478,2023-09-12,2024-10-14,terminated,128784,MKT,Director
E1479,2019-11-30,,Active,111291,Engineering,Engineer
E1480,2021-12-24,,ACTIVE,124694,MKT,Manager
E1481,2018-05-22,,Active,125920,MKT,Manager
E1482,2022-05-31,2025-08-19,Term,89439,FIN,Coordinator
E1483,2024-01-27,,active,102911,MKT,Engineer
E1484,2023-04-26,2024-09-06,terminated,136520,Human Resources,Engineer
E1485,2020-04-17,,Active,65272,Engineering,Director
E1486,2022-02-10,,active,124954,HR,Analyst
E1487,2024-04-11,,active,65670,MKT,Coordinator
E1488,2024-09-26,2024-08-02,terminated,143329,Finance,Manager
E1489,2018-02-21,,Active,81746,FIN,Director
E1490,2021-06-23,,active,52193,HR,Manager
E1491,2016-11-08,,ACTIVE,109016,Engineering,Manager
E1492,2016-01-13,,ACTIVE,141052,ENG,Manager
E1493,2022-06-21,,Active,123668,Finance,Analyst
E1494,2021-05-17,,active,118713,ENG,Analyst
E1495,2016-08-27,2019-05-22,Terminated,70052,FIN,Director
E1496,2019-11-03,,active,150018,MKT,Engineer
E1497,2020-10-20,,Active,54248,Finance,Coordinator
E1498,2016-05-13,2017-11-03,terminated,106876,MKT,Engineer
E1499,2017-03-19,,ACTIVE,82669,Human Resources,Engineer
E1500,2023-09-01,,Active,127420,MKT,Coordinator
E1501,2019-02-21,,ACTIVE,111452,HR,Manager
E1502,2023-02-18,,Active,85169,HR,Manager
E1503,2020-11-28,,Active,145537,Engineering,Manager
E1504,2020-11-20,2024-10-22,Terminated,62641,MKT,Analyst
E1505,2023-05-23,,ACTIVE,156745,ENG,Manager
E1506,2017-04-23,,Active,78126,FIN,Analyst
E1507,2019-05-25,,Active,120714,Finance,Manager
E1508,2022-08-10,,active,134242,FIN,Engineer
E1509,2024-01-15,2023-12-01,Terminated,71938,FIN,Analyst
E1510,2021-08-24,2022-02-23,terminated,95583,Human Resources,Analyst
E1511,2018-03-04,2022-03-18,Terminated,1040000,MKT,Manager
E1512,2018-07-08,,ACTIVE,52419,MKT,Engineer
E1513,2020-04-15,2021-01-19,Term,129284,Engineering,Coordinator
E1514,2016-08-20,,ACTIVE,61027,MKT,Manager
E1515,2020-05-04,,Active,119800,Finance,Analyst
E1516,2024-04-01,,active,100325,ENG,Manager
E1517,2019-10-20,,ACTIVE,134321,HR,Coordinator
E1518,2017-01-19,,ACTIVE,59009,HR,Engineer
E1519,2023-03-10,2023-09-25,Terminated,72660,Human Resources,Coordinator
E1520,2016-10-25,2017-05-24,terminated,108730,Human Resources,Coordinator
E1521,2020-11-20,,active,70548,FIN,Engineer
E1522,2023-10-15,,Active,82307,Marketing,Manager
E1523,2021-04-15,,Active,71443,Engineering,Engineer
E1524,2022-06-13,2023-10-31,Terminated,122150,FIN,Director
E1525,2019-05-07,,Active,75949,Engineering,Coordinator
E1526,2020-02-22,,Active,61859,Human Resources,Director
E1527,2020-02-20,,active,72379,FIN,Director
E1528,2020-10-27,,Active,60510,MKT,Analyst
E1529,2017-09-13,2022-05-28,Terminated,121286,Finance,Analyst
E1530,2019-10-15,2021-01-15,Terminated,158935,MKT,Analyst
E1531,2022-12-21,,ACTIVE,52597,Marketing,Coordinator
E1532,2016-05-23,,Active,56204,Finance,Engineer
E1533,2019-06-28,,active,64075,Human Resources,Analyst
E1534,2017-11-06,,Active,91025,FIN,Coordinator
E1535,2018-08-10,2018-10-28,Terminated,154046,HR,Director
E1536,2022-08-23,,ACTIVE,112540,Marketing,Coordinator
E1537,2021-08-28,,ACTIVE,58242,MKT,Coordinator
E1538,2021-01-10,,ACTIVE,121998,MKT,Engineer
E1539,2017-04-13,2022-03-07,terminated,107903,ENG,Manager
E1540,2016-02-09,,ACTIVE,71084,Marketing,Engineer
E1541,2019-08-08,,ACTIVE,130609,ENG,Director
E1542,2020-01-30,2023-06-25,Terminated,1040000,FIN,Analyst
E1543,2021-12-12,2026-10-07,Term,155964,Human Resources,Engineer
E1544,2021-07-14,,active,66041,ENG,Engineer
E1545,2018-02-19,,active,96791,HR,Analyst
E1546,2024-03-30,,active,159223,FIN,Engineer
E1547,2022-02-28,2024-12-10,terminated,130014,HR,Director
E1548,2021-01-06,,active,99782,FIN,Analyst
E1549,2023-12-08,,active,106772,Marketing,Manager
E1550,2018-04-03,,Active,59721,HR,Engineer
E1551,2023-04-28,,ACTIVE,91060,Engineering,Manager
E1552,2016-07-19,2017-12-20,terminated,67345,FIN,Manager
E1553,2020-01-12,,Active,153875,Marketing,Manager
E1554,2016-11-18,,active,122476,Finance,Engineer
E1555,2018-05-24,2019-10-22,Terminated,145554,Marketing,Manager
E1556,2017-10-25,2018-07-13,Term,86685,HR,Coordinator
E1557,2021-11-18,2023-03-31,terminated,151466,HR,Manager
E1558,2017-04-06,,active,100534,ENG,Engineer
E1559,2024-04-01,,Active,83296,MKT,Engineer
E1560,2022-05-02,,active,65594,Marketing,Analyst
E1561,2016-10-04,,Active,96484,Engineering,Engineer
E1562,2019-03-11,,ACTIVE,100527,Marketing,Coordinator
E1563,2021-03-30,,Active,56565,Marketing,Director
E1564,2021-03-25,,Active,112705,Marketing,Analyst
E1565,2023-07-10,,active,58881,ENG,Manager
E1566,2022-01-22,2022-03-22,terminated,55644,Marketing,Engineer
E1567,2021-03-27,2021-07-01,terminated,102208,MKT,Analyst
E1568,2016-03-16,,ACTIVE,70779,ENG,Engineer
E1569,2020-12-30,,Active,146326,Finance,Engineer
E1570,2021-05-22,2024-05-01,Terminated,87078,Marketing,Coordinator
E1571,2021-03-15,,Active,151084,HR,Coordinator
E1572,2018-07-21,2022-06-26,Term,60123,MKT,Manager
E1573,2023-02-26,2026-03-04,terminated,85256,MKT,Coordinator
E1574,2018-10-20,,Active,145298,Human Resources,Engineer
E1575,2021-04-23,2022-12-28,Term,135688,HR,Engineer
E1576,2023-02-12,2025-04-11,Terminated,107571,MKT,Analyst
E1577,2019-01-19,,active,155094,Finance,Engineer
E1578,2023-08-09,,Active,60973,HR,Engineer
E1579,2018-03-19,,Active,89825,Marketing,Director
E1580,2016-10-25,,Active,129420,HR,Coordinator
E1581,2023-02-08,2027-08-09,terminated,107172,Engineering,Analyst
E1582,2022-02-07,,Active,138008,FIN,Analyst
E1583,2020-11-07,,active,139433,Marketing,Director
E1584,2025-11-02,2025-08-05,terminated,139742,Engineering,Director
E1585,2016-10-15,,Active,122504,Finance,Director
E1586,2016-10-10,,ACTIVE,52575,Engineering,Coordinator
E1587,2017-04-09,2019-10-26,Term,66485,Marketing,Director
E1588,2018-05-25,,ACTIVE,106501,Human Resources,Engineer
E1589,2016-03-11,,Active,106214,FIN,Manager
E1590,2020-02-22,2021-11-26,Terminated,95429,HR,Engineer
E1591,2021-10-02,,Active,72841,Finance,Engineer
E1592,2021-01-15,2021-04-06,terminated,88573,ENG,Director
E1593,2017-03-08,,ACTIVE,129101,Marketing,Engineer
E1594,2019-01-29,,active,127796,ENG,Analyst
E1595,2020-01-22,2024-05-26,Term,90420,MKT,Analyst
E1596,2017-01-18,2021-02-01,terminated,104830,Finance,Analyst
E1597,2017-08-14,,ACTIVE,101189,ENG,Engineer
E1598,2016-05-03,2018-06-22,Terminated,102321,MKT,Manager
E1599,2024-03-03,2024-12-20,Terminated,122003,ENG,Analyst
E1600,2022-05-19,2022-11-16,terminated,155410,Marketing,Manager
E1601,2022-12-23,,Active,144423,MKT,Manager
E1602,2023-07-12,2025-11-29,Terminated,82806,Engineering,Director
E1603,2016-03-10,,active,128720,HR,Director
E1604,2020-03-10,2021-06-21,Terminated,140943,Human Resources,Coordinator
E1605,2021-05-10,2023-05-10,Term,59130,Human Resources,Director
E1606,2020-04-20,,ACTIVE,153095,Human Resources,Manager
E1607,2018-01-10,,active,133101,MKT,Analyst
E1608,2018-06-22,,active,64292,MKT,Analyst
E1609,2022-08-07,2027-05-06,Terminated,64994,Finance,Engineer
E1610,2017-12-22,2022-01-04,Term,150897,MKT,Coordinator
E1611,2019-01-16,2023-10-31,Terminated,99346,HR,Director
E1612,2018-05-26,,active,53653,HR,Manager
E1613,2018-02-01,,ACTIVE,155511,MKT,Director
E1614,2022-10-02,,Active,155656,Human Resources,Manager
E1615,2023-12-03,2024-10-08,terminated,141399,FIN,Manager
E1616,2022-02-07,,active,65913,Finance,Engineer
E1617,2017-08-17,,ACTIVE,122075,Finance,Engineer
E1618,2019-05-17,2022-11-02,Terminated,106799,HR,Manager
E1619,2019-11-05,2020-11-10,Term,83177,Finance,Manager
E1620,2022-06-15,,active,94126,Finance,Director
E1621,2016-08-25,,ACTIVE,123974,Engineering,Manager
E1622,2023-07-04,,Active,146906,MKT,Engineer
E1623,2021-04-14,,ACTIVE,120584,HR,Engineer
E1624,2019-10-31,,active,54437,ENG,Analyst
E1625,2019-07-04,2021-12-28,Term,111958,Finance,Manager
E1626,2023-08-01,,Active,97489,MKT,Engineer
E1627,2022-06-25,2025-09-06,Terminated,54994,ENG,Engineer
E1628,2018-05-12,2021-03-04,Terminated,90439,Engineering,Coordinator
E1629,2022-02-16,2022-12-07,Terminated,112371,Marketing,Director
E1630,2018-01-25,,ACTIVE,84229,Human Resources,Manager
E1631,2021-01-29,,ACTIVE,120907,ENG,Director
E1632,2023-12-19,,ACTIVE,82150,Marketing,Director
E1633,2023-10-18,,Active,67062,Marketing,Coordinator
E1634,2019-07-31,2019-06-04,terminated,133722,HR,Coordinator
E1635,2020-11-20,2021-08-14,terminated,87963,Engineering,Director
E1636,2022-05-22,2025-04-25,Term,108034,FIN,Engineer
E1637,2018-04-23,,ACTIVE,161491,Engineering,Director
E1638,2020-08-23,,Active,97930,FIN,Engineer
E1639,2018-10-27,,active,91994,Human Resources,Engineer
E1640,2022-04-09,,active,153958,Engineering,Director
E1641,2018-07-28,2020-08-05,terminated,83114,ENG,Engineer
E1642,2018-02-28,,Active,58728,ENG,Analyst
E1643,2023-12-17,,ACTIVE,156203,Marketing,Director
E1644,2017-02-06,,active,85917,Human Resources,Engineer
E1645,2020-06-18,2022-03-18,terminated,116045,MKT,Engineer
E1646,2021-11-06,,ACTIVE,146434,ENG,Director
E1647,2016-07-27,2018-02-01,Terminated,80688,ENG,Coordinator
E1648,2020-01-19,,Active,64526,ENG,Manager
E1649,2016-01-14,2019-10-19,Term,127284,FIN,Coordinator
E1650,2019-07-07,,Active,1040000,MKT,Director
E1651,2018-02-27,2018-09-15,Terminated,106622,ENG,Director
E1652,2022-08-23,,Active,53817,Marketing,Director
E1653,2016-07-15,,ACTIVE,134253,Finance,Engineer
E1654,2021-09-18,2022-04-05,Terminated,79663,MKT,Director
E1655,2022-09-16,2027-06-25,terminated,57415,Engineering,Director
E1656,2018-06-03,,ACTIVE,66592,MKT,Director
E1657,2019-03-29,,ACTIVE,84151,Finance,Director
E1658,2021-01-25,,active,71322,Marketing,Manager
E1659,2021-03-06,,active,88822,Finance,Analyst
E1660,2022-11-05,2027-05-02,terminated,113411,ENG,Coordinator
E1661,2019-10-11,,Active,131330,Engineering,Analyst
E1662,2022-01-16,,ACTIVE,136230,Finance,Director
E1663,2022-04-21,,active,99973,Finance,Engineer
E1664,2023-09-15,2025-04-25,Terminated,117989,FIN,Analyst
E1665,2023-02-22,,active,89096,Marketing,Director
E1666,2018-01-22,,Active,125383,Engineering,Coordinator
E1667,2016-03-05,2019-09-25,Term,89033,MKT,Engineer
E1668,2017-12-31,,Active,62753,ENG,Director
E1669,2019-03-15,2019-10-06,Terminated,151402,FIN,Analyst
E1670,2017-10-16,,ACTIVE,125434,HR,Manager
E1671,2019-04-26,2022-02-23,Terminated,148599,FIN,Director
E1672,2020-09-07,,active,107894,ENG,Engineer
E1673,2016-04-19,,active,125166,Marketing,Analyst
E1674,2017-02-07,,ACTIVE,130556,Finance,Director
E1675,2023-02-14,,Active,72748,Human Resources,Engineer
E1676,2021-05-25,,Active,83893,FIN,Manager
E1677,2018-06-22,,Active,126436,Engineering,Analyst
E1678,2016-12-05,2021-02-03,Terminated,58720,MKT,Director
E1679,2020-03-06,,active,154929,Engineering,Manager
E1680,2023-06-21,,Active,120656,ENG,Coordinator
E1681,2024-05-26,2024-10-25,Term,136102,Marketing,Director
E1682,2022-12-27,,active,86147,ENG,Engineer
E1683,2020-06-08,,ACTIVE,133067,Finance,Analyst
E1684,2024-05-07,,ACTIVE,127388,ENG,Analyst
E1685,2020-04-16,,ACTIVE,88579,Finance,Director
E1686,2019-10-21,,ACTIVE,139485,MKT,Director
E1687,2016-05-24,2019-11-14,Terminated,77819,Marketing,Engineer
E1688,2016-08-06,,active,74346,Finance,Director
E1689,2019-08-26,,ACTIVE,92745,MKT,Manager
E1690,2023-04-17,2025-02-11,terminated,143640,Marketing,Engineer
E1691,2021-06-24,,Active,90327,Marketing,Director
E1692,2021-08-08,,Active,59744,ENG,Manager
E1693,2020-09-06,,Active,63641,HR,Engineer
E1694,2024-03-09,,ACTIVE,128877,Engineering,Analyst
E1695,2021-09-21,,active,102287,HR,Coordinator
E1696,2022-02-16,,ACTIVE,110835,ENG,Engineer
E1697,2019-03-04,,active,154001,Finance,Analyst
E1698,2017-10-10,,ACTIVE,81182,Marketing,Engineer
E1699,2016-05-16,,ACTIVE,161831,MKT,Director
E1700,2019-11-29,,ACTIVE,118284,FIN,Coordinator
E1701,2021-02-19,,Active,54434,Finance,Analyst
E1702,2022-02-16,,Active,58698,Engineering,Coordinator
E1703,2020-10-01,2022-05-04,Term,130105,Engineering,Director
E1704,2022-01-22,2023-12-05,Terminated,81236,ENG,Analyst
E1705,2024-03-22,2026-06-22,Terminated,57909,FIN,Coordinator
E1706,2024-06-19,,ACTIVE,138172,MKT,Engineer
E1707,2019-05-16,,active,145622,FIN,Engineer
E1708,2019-01-01,,active,135697,Human Resources,Analyst
E1709,2016-12-17,,ACTIVE,1040000,ENG,Coordinator
E1710,2022-05-18,,active,78253,ENG,Engineer
E1711,2019-02-09,,Active,72948,Engineering,Analyst
E1712,2016-10-07,,ACTIVE,160166,FIN,Coordinator
E1713,2023-09-28,,Active,84083,Engineering,Analyst
E1714,2017-10-31,,active,92570,Human Resources,Analyst
E1715,2016-04-06,,Active,88998,HR,Engineer
E1716,2020-07-12,2021-05-01,Term,108992,Marketing,Coordinator
E1717,2016-03-08,2017-04-07,Terminated,62015,Marketing,Manager
E1718,2018-07-31,,ACTIVE,147601,Human Resources,Engineer
E1719,2021-10-08,,active,90378,ENG,Coordinator
E1720,2019-12-01,,Active,89395,Finance,Director
E1721,2017-01-20,2017-03-10,Term,95973,MKT,Director
E1722,2019-11-23,2021-01-06,terminated,141457,Finance,Engineer
E1723,2020-02-10,,ACTIVE,143705,HR,Coordinator
E1724,2019-10-30,2021-01-24,Term,72092,Marketing,Director
E1725,2018-10-22,,ACTIVE,1040000,HR,Manager
E1726,2023-01-20,2024-06-09,Term,99418,MKT,Coordinator
E1727,2018-07-18,2021-06-26,terminated,54865,Marketing,Manager
E1728,2017-08-01,,active,130826,HR,Manager
E1729,2019-01-05,,ACTIVE,154115,Engineering,Coordinator
E1730,2017-11-10,,Active,159514,ENG,Engineer
E1731,2021-05-03,2021-04-10,Terminated,119929,Finance,Coordinator
E1732,2022-12-19,,Active,78361,Human Resources,Coordinator
E1733,2023-08-05,,Active,103659,HR,Manager
E1734,2024-03-30,,active,72168,HR,Analyst
E1735,2018-11-13,,active,56249,ENG,Manager
E1736,2019-05-22,,ACTIVE,160382,Marketing,Director
E1737,2024-01-24,,active,125531,Engineering,Director
E1738,2016-11-08,,ACTIVE,81434,ENG,Manager
E1739,2016-09-14,,ACTIVE,69306,HR,Coordinator
E1740,2017-04-30,,Active,58992,ENG,Director
E1741,2021-01-25,,Active,152103,ENG,Coordinator
E1742,2019-12-28,,active,94058,Marketing,Director
E1743,2017-04-02,2017-07-31,Terminated,56725,Engineering,Analyst
E1744,2022-05-12,,ACTIVE,134860,ENG,Engineer
E1745,2022-09-11,,Active,65167,HR,Coordinator
E1746,2016-06-12,,active,128282,FIN,Director
E1747,2023-06-24,,active,96693,Engineering,Coordinator
E1748,2018-03-01,,ACTIVE,137978,Finance,Manager
E1749,2020-06-20,,ACTIVE,1040000,Engineering,Manager
E1750,2016-09-29,,Active,144322,Human Resources,Engineer
E1751,2020-04-29,,active,1040000,Marketing,Manager
E1752,2018-05-01,,ACTIVE,149204,Human Resources,Director
E1753,2022-03-25,,active,1040000,Marketing,Engineer
E1754,2022-05-07,2022-08-29,terminated,81179,Marketing,Director
E1755,2016-07-20,,Active,159473,Engineering,Director
E1756,2022-11-18,2024-04-05,Terminated,107903,Human Resources,Analyst
E1757,2016-04-20,,ACTIVE,130534,Engineering,Manager
E1758,2022-05-04,,active,148715,ENG,Manager
E1759,2018-05-05,,ACTIVE,73099,FIN,Engineer
E1760,2023-06-28,,ACTIVE,97994,Finance,Coordinator
E1761,2023-03-30,,Active,127347,Engineering,Analyst
E1762,2022-04-29,,active,1040000,Finance,Coordinator
E1763,2023-07-02,2027-11-02,terminated,77064,FIN,Director
E1764,2018-12-01,,active,67735,Marketing,Director
E1765,2023-05-03,,active,75089,HR,Manager
E1766,2021-05-21,,active,94007,FIN,Manager
E1767,2022-07-03,2026-05-09,terminated,62351,ENG,Coordinator
E1768,2017-12-01,,ACTIVE,70498,Marketing,Analyst
E1769,2020-11-25,2024-04-29,Terminated,56349,MKT,Engineer
E1770,2016-10-16,,Active,84824,Finance,Engineer
E1771,2019-02-05,,active,53748,MKT,Manager
E1772,2021-11-30,2026-06-04,Terminated,124774,FIN,Coordinator
E1773,2019-12-29,,active,110474,MKT,Analyst
E1774,2022-07-25,2026-01-08,Terminated,63469,Marketing,Coordinator
E1775,2017-07-11,2018-12-19,terminated,159491,MKT,Manager
E1776,2016-12-09,,ACTIVE,108385,Engineering,Engineer
E1777,2019-11-11,2022-08-10,Terminated,91672,Engineering,Engineer
E1778,2023-12-01,,ACTIVE,141709,Engineering,Manager
E1779,2018-05-17,,Active,118010,MKT,Coordinator
E1780,2018-05-10,2022-07-31,Terminated,58015,Human Resources,Director
E1781,2018-04-04,,Active,76482,MKT,Coordinator
E1782,2017-02-21,,active,74659,Finance,Engineer
E1783,2019-08-29,,ACTIVE,142641,Engineering,Manager
E1784,2022-05-18,,active,129514,Human Resources,Engineer
E1785,2019-12-13,,active,103090,Finance,Engineer
E1786,2019-06-16,,active,123953,Human Resources,Director
E1787,2019-01-26,,Active,113294,Marketing,Coordinator
E1788,2018-05-01,,ACTIVE,74838,MKT,Manager
E1789,2018-05-25,2021-02-26,Term,105700,ENG,Engineer
E1790,2019-07-29,,active,161816,FIN,Analyst
E1791,2024-01-27,2025-11-21,Terminated,152681,Marketing,Director
E1792,2023-08-15,,active,123675,HR,Coordinator
E1793,2017-02-21,,ACTIVE,68608,Marketing,Director
E1794,2021-12-02,,ACTIVE,142719,Human Resources,Manager
E1795,2023-01-22,2027-12-13,terminated,74600,Human Resources,Coordinator
E1796,2017-04-20,,active,54236,Finance,Manager
E1797,2023-06-19,2026-01-11,Term,99168,Human Resources,Manager
E1798,2020-01-18,2023-05-30,terminated,130934,Human Resources,Engineer
E1799,2017-05-28,,ACTIVE,108993,Finance,Engineer
E1800,2023-02-23,2025-01-15,Terminated,54799,Human Resources,Director
E1801,2024-05-30,,ACTIVE,126480,MKT,Coordinator
E1802,2016-09-03,,ACTIVE,113228,Engineering,Director
E1803,2024-04-15,,ACTIVE,97682,Finance,Coordinator
E1804,2023-07-26,,ACTIVE,86067,Marketing,Director
E1805,2016-05-26,,ACTIVE,83493,Human Resources,Manager
E1806,2022-10-08,2024-04-28,Terminated,106936,HR,Manager
E1807,2021-07-03,,Active,86649,MKT,Director
E1808,2017-06-12,2022-01-23,Term,115491,HR,Engineer
E1809,2019-10-17,,ACTIVE,66490,MKT,Manager
E1810,2021-10-16,2022-07-17,Terminated,72814,Engineering,Analyst
E1811,2017-02-19,,active,103484,Finance,Analyst
E1812,2019-11-27,,ACTIVE,150390,Engineering,Analyst
E1813,2016-01-23,2018-08-21,terminated,94630,MKT,Coordinator
E1814,2016-09-26,2017-09-30,Terminated,57882,ENG,Manager
E1815,2018-03-14,,active,115656,Engineering,Engineer
E1816,2023-10-17,2027-01-08,Terminated,89159,Human Resources,Coordinator
E1817,2018-04-15,,Active,158067,HR,Analyst
E1818,2021-10-05,2024-03-05,Term,58027,Marketing,Analyst
E1819,2019-09-13,,ACTIVE,55724,Human Resources,Coordinator
E1820,2021-12-19,2024-06-19,Term,126253,ENG,Manager
E1821,2022-07-26,,active,71066,HR,Engineer
E1822,2020-02-17,,active,161393,FIN,Engineer
E1823,2020-04-09,,Active,64385,FIN,Director
E1824,2023-04-20,,Active,54285,Marketing,Engineer
E1825,2017-09-12,,ACTIVE,1040000,HR,Coordinator
E1826,2022-04-30,,Active,140243,FIN,Director
E1827,2019-08-21,,active,96913,ENG,Analyst
E1828,2018-02-03,,Active,80080,Marketing,Engineer
E1829,2022-03-07,,Active,161291,Engineering,Analyst
E1830,2021-10-26,,active,63629,ENG,Analyst
E1831,2023-05-02,,ACTIVE,139987,Finance,Analyst
E1832,2020-04-05,2021-03-01,Term,112903,HR,Engineer
E1833,2022-05-12,,ACTIVE,71066,MKT,Engineer
E1834,2019-11-25,2022-11-23,terminated,64167,HR,Analyst
E1835,2018-07-09,,active,76627,Marketing,Director
E1836,2024-05-21,,ACTIVE,89854,Marketing,Director
E1837,2017-07-16,,ACTIVE,60350,MKT,Director
E1838,2019-06-18,,Active,116104,ENG,Manager
E1839,2018-09-27,,active,89379,MKT,Engineer
E1840,2018-05-02,2021-11-05,Term,95116,Engineering,Coordinator
E1841,2017-08-26,,ACTIVE,87889,Engineering,Engineer
E1842,2021-04-10,2025-01-03,terminated,92399,MKT,Analyst
E1843,2018-01-15,,active,119960,Finance,Analyst
E1844,2018-06-12,,active,139619,Finance,Analyst
E1845,2027-12-23,2027-10-13,terminated,149621,MKT,Director
E1846,2023-01-13,,ACTIVE,129187,Marketing,Analyst
E1847,2023-10-06,,active,158888,Human Resources,Director
E1848,2023-11-29,2025-03-25,Term,114217,MKT,Coordinator
E1849,2020-02-20,,ACTIVE,155720,MKT,Analyst
E1850,2020-10-31,2021-12-11,Terminated,103092,Human Resources,Director
E1851,2020-12-07,,active,134085,HR,Analyst
E1852,2020-06-24,,Active,99268,MKT,Engineer
E1853,2023-04-11,,Active,102726,HR,Director
E1854,2016-06-26,,ACTIVE,117405,FIN,Coordinator
E1855,2019-02-24,,active,99430,ENG,Manager
E1856,2017-10-28,2020-08-21,terminated,155803,ENG,Analyst
E1857,2016-02-21,,Active,109355,FIN,Engineer
E1858,2019-03-21,,ACTIVE,82388,Finance,Manager
E1859,2017-01-21,2021-11-09,Terminated,104151,Marketing,Manager
E1860,2016-03-03,,active,54070,HR,Analyst
E1861,2020-02-23,,Active,106444,FIN,Analyst
E1862,2021-07-13,,ACTIVE,76965,Finance,Manager
E1863,2019-03-12,2019-09-11,Term,84249,ENG,Coordinator
E1864,2019-10-29,,ACTIVE,152153,Engineering,Engineer
E1865,2023-07-04,2028-02-10,Term,112905,HR,Coordinator
E1866,2020-03-20,2021-12-24,terminated,71990,Marketing,Manager
E1867,2021-12-23,,active,54956,FIN,Engineer
E1868,2020-12-10,,active,146425,ENG,Engineer
E1869,2020-05-01,,active,68106,Human Resources,Coordinator
E1870,2021-02-17,2025-10-28,Terminated,153940,ENG,Coordinator
E1871,2024-02-04,,active,92963,Finance,Engineer
E1872,2023-08-18,,Active,1040000,MKT,Analyst
E1873,2017-12-02,2018-08-30,terminated,128626,Human Resources,Analyst
E1874,2021-11-10,,active,100731,FIN,Analyst
E1875,2023-05-09,,Active,149599,ENG,Engineer
E1876,2023-05-19,,Active,53545,ENG,Director
E1877,2020-10-20,,ACTIVE,158555,MKT,Engineer
E1878,2019-09-18,2020-05-04,terminated,123914,Marketing,Analyst
E1879,2023-01-06,2026-08-17,terminated,128562,Finance,Engineer
E1880,2018-02-13,,active,74940,FIN,Engineer
E1881,2020-05-28,,Active,132250,Human Resources,Engineer
E1882,2021-12-14,,active,101075,MKT,Analyst
E1883,2022-05-09,,ACTIVE,149901,Finance,Engineer
E1884,2020-03-14,,ACTIVE,159607,Finance,Coordinator
E1885,2017-11-28,,active,100393,Engineering,Engineer
E1886,2017-08-30,,active,81683,Marketing,Coordinator
E1887,2017-12-02,,Active,67903,Engineering,Analyst
E1888,2021-05-14,,ACTIVE,102360,FIN,Director
E1889,2019-06-22,,ACTIVE,161977,HR,Director
E1890,2020-08-27,,Active,74965,Human Resources,Coordinator
E1891,2020-10-31,,ACTIVE,115106,ENG,Manager
E1892,2020-06-09,,ACTIVE,123995,HR,Director
E1893,2019-03-28,,Active,129415,MKT,Engineer
E1894,2016-05-13,2018-04-28,Terminated,88371,Human Resources,Director
E1895,2021-01-27,,ACTIVE,147640,Engineering,Manager
E1896,2018-04-15,,active,159779,Finance,Manager
E1897,2016-05-06,2017-05-14,terminated,154626,Engineering,Coordinator
E1898,2023-03-27,,Active,91027,Engineering,Director
E1899,2021-07-01,,active,124656,Engineering,Analyst
E1900,2019-12-19,,active,109695,Marketing,Coordinator
E1901,2019-03-20,,active,155655,Finance,Director
E1902,2017-01-05,2021-09-01,terminated,122550,HR,Engineer
E1903,2023-04-27,,active,114591,ENG,Director
E1904,2023-08-26,,ACTIVE,151262,HR,Analyst
E1905,2020-03-18,2023-06-17,terminated,96480,Finance,Analyst
E1906,2018-06-23,2022-12-21,terminated,146772,Engineering,Coordinator
E1907,2023-05-07,2027-05-07,Term,124331,Finance,Engineer
E1908,2023-02-28,,ACTIVE,134388,MKT,Coordinator
E1909,2017-05-09,,active,91072,Human Resources,Manager
E1910,2018-01-24,,Active,125485,FIN,Analyst
E1911,2016-06-03,2017-03-02,terminated,60701,Finance,Manager
E1912,2018-08-02,,ACTIVE,122800,Human Resources,Coordinator
E1913,2022-04-07,2023-09-18,Terminated,110536,ENG,Engineer
E1914,2017-06-02,,active,87184,MKT,Analyst
E1915,2017-11-28,,active,131876,Finance,Coordinator
E1916,2019-09-08,,ACTIVE,153771,Human Resources,Manager
E1917,2022-05-15,,ACTIVE,84763,HR,Director
E1918,2018-06-08,,active,85648,Engineering,Coordinator
E1919,2020-11-03,,active,87354,Engineering,Analyst
E1920,2022-07-07,,Active,109180,ENG,Analyst
E1921,2016-01-20,2019-05-09,Term,140666,Finance,Manager
E1922,2023-02-07,2026-12-09,terminated,123677,MKT,Engineer
E1923,2020-06-22,2025-04-03,Term,141125,FIN,Manager
E1924,2018-09-06,,Active,114282,HR,Engineer
E1925,2016-01-17,,Active,100067,ENG,Manager
E1926,2016-10-25,,active,106002,ENG,Engineer
E1927,2018-10-19,,active,87646,Engineering,Manager
E1928,2022-03-24,,Active,99580,Marketing,Director
E1929,2016-09-19,2019-06-12,Term,67936,MKT,Engineer
E1930,2017-02-12,,ACTIVE,144621,ENG,Coordinator
E1931,2021-05-13,2021-11-04,terminated,135128,Finance,Analyst
E1932,2018-01-30,,ACTIVE,118877,HR,Manager
E1933,2016-12-11,2021-09-04,Term,146384,FIN,Manager
E1934,2020-09-11,2021-07-10,Terminated,98917,Human Resources,Engineer
E1935,2021-01-03,,Active,121501,Human Resources,Director
E1936,2020-05-16,,ACTIVE,156050,ENG,Engineer
E1937,2016-05-02,,ACTIVE,160473,Marketing,Coordinator
E1938,2020-04-23,,active,60647,ENG,Coordinator
E1939,2019-09-20,,active,86203,HR,Engineer
E1940,2016-12-21,,Active,124293,Finance,Analyst
E1941,2020-09-20,,Active,55486,Finance,Analyst
E1942,2020-07-08,2024-07-22,terminated,74069,Human Resources,Engineer
E1943,2017-01-01,2017-02-15,Terminated,97733,Human Resources,Coordinator
E1944,2023-01-12,2026-05-20,terminated,105969,Finance,Coordinator
E1945,2018-08-14,,active,145166,Human Resources,Coordinator
E1946,2023-11-12,,active,131546,MKT,Coordinator
E1947,2022-01-23,,Active,1040000,FIN,Analyst
E1948,2023-01-23,,Active,63115,FIN,Manager
E1949,2023-12-10,,Active,143392,Finance,Analyst
E1950,2019-12-03,,active,73143,Human Resources,Manager
E1951,2023-02-13,,active,77113,ENG,Director
E1952,2019-06-03,2019-12-28,Term,141527,FIN,Manager
E1953,2021-02-26,,Active,86185,FIN,Director
E1954,2024-03-05,2025-06-01,Terminated,109263,FIN,Manager
E1955,2023-03-22,,active,147682,Marketing,Director
E1956,2020-03-22,,Active,78247,FIN,Analyst
E1957,2020-11-08,2023-04-29,terminated,62638,Engineering,Director
E1958,2020-11-13,,Active,134640,HR,Manager
E1959,2024-01-11,,Active,96622,Marketing,Coordinator
E1960,2020-01-28,2023-07-08,Terminated,147760,Marketing,Manager
E1961,2023-08-10,,active,161194,MKT,Engineer
E1962,2020-12-01,,Active,109704,FIN,Manager
E1963,2017-11-26,,active,81717,MKT,Analyst
E1964,2022-05-12,,active,110181,MKT,Coordinator
E1965,2016-01-01,2016-04-22,terminated,159781,ENG,Coordinator
E1966,2017-01-09,,ACTIVE,68485,FIN,Engineer
E1967,2021-12-08,,ACTIVE,95202,MKT,Coordinator
E1968,2016-01-04,,ACTIVE,143252,ENG,Engineer
E1969,2020-12-11,,active,85848,Marketing,Coordinator
E1970,2022-12-29,,active,83962,Finance,Analyst
E1971,2022-08-13,,ACTIVE,149908,Engineering,Director
E1972,2022-08-08,,ACTIVE,87980,Engineering,Manager
E1973,2016-10-21,,ACTIVE,90009,FIN,Analyst
E1974,2017-02-09,,ACTIVE,90528,HR,Director
E1975,2016-04-25,2020-04-15,Terminated,88437,MKT,Manager
E1976,2022-05-16,,Active,52147,MKT,Director
E1977,2016-08-08,2016-12-24,terminated,109927,Human Resources,Manager
E1978,2022-05-29,,ACTIVE,58617,HR,Coordinator
E1979,2019-04-13,,Active,81954,Marketing,Director
E1980,2019-02-20,2021-04-07,Term,71733,Engineering,Manager
E1981,2023-11-09,2025-07-28,Terminated,92584,Finance,Engineer
E1982,2022-08-07,,Active,99394,MKT,Manager
E1983,2017-12-13,,active,76434,Marketing,Coordinator
E1984,2018-04-03,,active,110743,Marketing,Manager
E1985,2016-02-20,,Active,69702,Engineering,Director
E1986,2017-03-18,,Active,117566,HR,Director
E1987,2019-07-22,2021-08-07,Terminated,89018,Marketing,Analyst
E1988,2021-11-04,,Active,103795,ENG,Manager
E1989,2022-09-23,,Active,150987,Engineering,Director
E1990,2020-10-02,,active,156150,Engineering,Director
E1991,2020-11-04,,Active,131788,Finance,Coordinator
E1992,2017-09-13,,ACTIVE,150096,FIN,Manager
E1993,2016-06-03,,Active,139181,Finance,Coordinator
E1994,2019-12-25,,Active,79580,FIN,Engineer
E1995,2023-07-17,2024-09-04,terminated,66490,Human Resources,Analyst
E1996,2020-05-20,,active,68139,HR,Coordinator
E1997,2016-01-24,,ACTIVE,99398,ENG,Analyst
E1998,2020-12-06,,Active,65658,Marketing,Director
E1999,2022-08-16,,active,124413,Engineering,Engineer
E2000,2017-07-05,2020-02-24,terminated,157524,Finance,Analyst
E2001,2016-05-12,2021-02-07,terminated,105551,Finance,Coordinator
E2002,2017-12-02,,ACTIVE,103580,FIN,Manager
E2003,2022-09-13,,Active,69881,FIN,Engineer
E2004,2018-10-28,,Active,137223,Finance,Analyst
E2005,2022-01-11,,active,146285,MKT,Coordinator
E2006,2022-10-08,2024-12-30,Term,64525,Human Resources,Engineer
E2007,2016-10-16,,Active,76876,Human Resources,Manager
E2008,2022-04-23,,Active,145523,HR,Coordinator
E2009,2017-06-07,2017-07-22,Term,84848,Engineering,Coordinator
E2010,2019-12-20,,Active,155716,Marketing,Director
E2011,2016-01-27,,Active,118283,FIN,Director
E2012,2023-10-16,,ACTIVE,83591,Human Resources,Manager
E2013,2018-07-11,,Active,90702,Finance,Coordinator
E2014,2017-10-13,,Active,112143,HR,Manager
E2015,2023-01-12,2024-02-04,terminated,140044,Marketing,Manager
E2016,2021-08-30,,Active,60643,Engineering,Analyst
E2017,2023-08-29,,Active,77672,Human Resources,Analyst
E2018,2016-08-13,,Active,67056,Finance,Director
E2019,2023-05-12,,ACTIVE,152609,Marketing,Manager
E2020,2021-07-06,,active,151362,Engineering,Director
E2021,2020-09-13,,active,85606,Human Resources,Director
E2022,2023-08-18,2024-03-29,terminated,153311,MKT,Manager
E2023,2016-02-07,2016-08-01,terminated,156097,Engineering,Engineer
E2024,2024-03-03,,Active,86481,MKT,Director
E2025,2017-11-10,2020-05-11,Term,102202,ENG,Engineer
E2026,2024-06-11,,active,114440,MKT,Coordinator
E2027,2020-11-07,,ACTIVE,144251,Engineering,Engineer
E2028,2018-08-04,2019-07-12,Term,86746,ENG,Engineer
E2029,2018-01-06,,Active,100496,MKT,Analyst
E2030,2022-02-04,2025-12-01,Terminated,125350,FIN,Coordinator
E2031,2021-01-19,,Active,74297,ENG,Analyst
E2032,2019-09-07,,active,115434,FIN,Coordinator
E2033,2023-08-12,2024-09-27,terminated,103923,Engineering,Analyst
E2034,2018-01-30,,ACTIVE,96732,MKT,Analyst
E2035,2023-03-12,2023-07-14,terminated,131418,HR,Director
E2036,2022-08-29,,active,86444,ENG,Manager
E2037,2019-05-27,,Active,109092,Finance,Director
E2038,2018-05-17,,active,99755,Engineering,Engineer
E2039,2018-10-07,2022-10-09,Term,82188,MKT,Coordinator
E2040,2020-06-07,,active,101767,Marketing,Coordinator
E2041,2019-11-07,,active,161114,Marketing,Engineer
E2042,2016-01-04,2016-08-25,terminated,150496,FIN,Engineer
E2043,2022-11-24,,Active,147764,FIN,Manager
E2044,2022-12-15,2024-03-01,Terminated,52484,ENG,Analyst
E2045,2021-12-09,,active,83563,FIN,Director
E2046,2020-03-01,2022-11-23,Terminated,104281,Engineering,Coordinator
E2047,2017-06-14,2019-11-17,terminated,133710,Human Resources,Director
E2048,2020-11-24,2022-05-08,Term,126702,Human Resources,Engineer
E2049,2020-05-22,2021-05-12,Terminated,103105,FIN,Director
E2050,2021-02-06,,active,158217,Finance,Director
E2051,2020-04-08,2020-01-24,Terminated,64343,Engineering,Director
E2052,2019-04-21,,Active,141736,HR,Engineer
E2053,2020-12-07,2021-08-27,terminated,159182,Marketing,Coordinator
E2054,2017-01-13,,ACTIVE,140486,Finance,Director
E2055,2017-06-10,2020-06-06,terminated,92660,MKT,Analyst
E2056,2019-09-03,,ACTIVE,57761,Human Resources,Manager
E2057,2020-06-26,,active,160222,HR,Director
E2058,2018-08-14,,Active,52948,HR,Coordinator
E2059,2019-11-13,2021-03-20,Term,155020,Finance,Director
E2060,2020-05-09,,active,123472,Engineering,Manager
E2061,2020-01-10,,ACTIVE,101015,FIN,Engineer
E2062,2022-03-12,,ACTIVE,69748,Engineering,Director
E2063,2018-05-20,2018-04-27,Terminated,105802,FIN,Coordinator
E2064,2016-03-31,,active,114034,Finance,Analyst
E2065,2019-10-19,2022-03-03,Term,84839,HR,Engineer
E2066,2020-08-29,,active,79421,FIN,Engineer
E2067,2020-12-08,2022-09-02,Term,161474,ENG,Analyst
E2068,2022-09-24,,Active,109401,ENG,Engineer
E2069,2022-06-08,,ACTIVE,78349,FIN,Director
E2070,2016-08-02,,Active,82614,Human Resources,Analyst
E2071,2021-07-12,,ACTIVE,107128,HR,Director
E2072,2021-07-21,,Active,107721,Engineering,Engineer
E2073,2021-11-27,,Active,107687,Marketing,Director
E2074,2016-08-25,2017-11-18,terminated,58356,ENG,Coordinator
E2075,2023-11-22,,Active,159154,ENG,Director
E2076,2024-02-14,2024-02-06,Term,153828,Marketing,Analyst
E2077,2021-05-03,2024-01-17,Terminated,149620,Finance,Engineer
E2078,2022-04-07,2026-12-03,Term,116768,HR,Engineer
E2079,2018-01-17,2020-04-26,Term,89102,MKT,Manager
E2080,2021-05-28,,ACTIVE,152902,MKT,Analyst
E2081,2020-11-26,,ACTIVE,83347,Human Resources,Manager
E2082,2023-05-17,2023-03-22,Term,159573,HR,Coordinator
E2083,2022-10-29,,ACTIVE,141660,Finance,Coordinator
E2084,2024-05-23,,active,54714,Finance,Coordinator
E2085,2016-02-04,,ACTIVE,131211,Marketing,Director
E2086,2022-05-05,,active,63337,MKT,Coordinator
E2087,2017-04-20,2018-12-06,Terminated,78453,ENG,Director
E2088,2016-03-30,2018-11-07,Term,161252,HR,Manager
E2089,2023-07-12,,Active,76202,FIN,Engineer
E2090,2017-07-21,,ACTIVE,124192,Human Resources,Engineer
E2091,2024-04-22,2024-02-26,Term,138322,Human Resources,Analyst
E2092,2016-02-19,,active,68372,Marketing,Coordinator
E2093,2019-03-08,,ACTIVE,101403,Finance,Analyst
E2094,2018-07-16,2022-06-24,Term,127571,Finance,Coordinator
E2095,2019-10-21,,ACTIVE,108066,HR,Engineer
E2096,2016-06-14,2021-04-28,Term,135495,Finance,Analyst
E2097,2024-01-02,2027-08-31,Term,91974,Human Resources,Manager
E2098,2019-10-09,,ACTIVE,148657,Marketing,Coordinator
E2099,2019-03-10,,Active,147831,ENG,Director
E2100,2022-10-12,,ACTIVE,73365,HR,Director
E2101,2016-12-15,,ACTIVE,92039,Finance,Director
E2102,2024-01-08,2025-01-04,Terminated,60085,ENG,Analyst
E2103,2020-09-12,,Active,110358,HR,Engineer
E2104,2017-02-25,,ACTIVE,61020,ENG,Analyst
E2105,2020-05-11,,ACTIVE,98478,ENG,Manager
E2106,2020-02-14,,active,144893,HR,Coordinator
E2107,2018-06-17,,Active,89772,Engineering,Engineer
E2108,2019-09-04,,Active,150370,HR,Coordinator
E2109,2025-05-22,2025-05-03,terminated,159833,Engineering,Director
E2110,2017-12-05,,ACTIVE,150653,Marketing,Engineer
E2111,2018-01-20,,active,67447,Marketing,Coordinator
E2112,2017-02-11,2017-06-30,Terminated,52833,Human Resources,Engineer
E2113,2021-08-19,,ACTIVE,77258,HR,Coordinator
E2114,2019-12-30,2024-06-23,terminated,88651,FIN,Manager
E2115,2016-01-07,,active,120259,Engineering,Analyst
E2116,2018-09-28,2021-05-05,Terminated,59551,ENG,Coordinator
E2117,2020-06-29,,ACTIVE,78431,Finance,Manager
E2118,2021-03-10,2025-07-15,Terminated,155803,Engineering,Director
E2119,2016-02-22,2020-02-29,Terminated,143059,MKT,Director
E2120,2024-02-03,,Active,74032,ENG,Director
E2121,2019-02-02,2023-07-17,terminated,129926,FIN,Director
E2122,2021-08-31,,active,112842,ENG,Coordinator
E2123,2019-03-04,,Active,147239,MKT,Coordinator
E2124,2020-03-13,,ACTIVE,158185,FIN,Director
E2125,2022-12-23,,active,139457,Engineering,Analyst
E2126,2023-10-29,,Active,73635,Engineering,Coordinator
E2127,2020-11-12,,active,74745,FIN,Manager
E2128,2018-09-04,,ACTIVE,91363,Marketing,Engineer
E2129,2019-03-19,,Active,154953,ENG,Analyst
E2130,2021-08-15,2023-07-12,Term,150005,Engineering,Director
E2131,2022-08-30,,ACTIVE,156041,Finance,Manager
E2132,2019-11-06,2024-09-02,terminated,69055,HR,Manager
E2133,2016-10-05,,active,104224,Human Resources,Director
E2134,2021-10-20,2022-02-26,terminated,102132,MKT,Manager
E2135,2021-07-13,,ACTIVE,146945,FIN,Analyst
E2136,2019-08-03,,active,141621,Human Resources,Coordinator
E2137,2016-10-04,,ACTIVE,64041,ENG,Director
E2138,2018-09-25,,active,71187,Human Resources,Engineer
E2139,2016-10-09,,Active,114222,Finance,Analyst
E2140,2021-04-14,,active,56775,MKT,Director
E2141,2019-02-12,,ACTIVE,134414,MKT,Engineer
E2142,2022-10-30,2022-10-03,terminated,160182,Finance,Engineer
E2143,2016-03-14,,active,63920,HR,Manager
E2144,2018-11-03,2023-07-23,terminated,93995,Human Resources,Coordinator
E2145,2019-06-22,,active,137671,HR,Manager
E2146,2017-10-08,,ACTIVE,101713,Human Resources,Engineer
E2147,2023-02-14,,active,149470,Engineering,Analyst
E2148,2024-05-05,,active,114395,ENG,Engineer
E2149,2022-02-14,2023-04-08,terminated,116165,Human Resources,Analyst
E2150,2017-10-15,,Active,57191,Engineering,Manager
E2151,2018-11-23,,ACTIVE,94369,Human Resources,Engineer
E2152,2021-04-24,,active,126199,Human Resources,Analyst
E2153,2021-05-21,2022-01-17,terminated,153699,Human Resources,Manager
E2154,2017-04-09,,ACTIVE,129316,MKT,Coordinator
E2155,2021-11-28,2024-06-13,terminated,1040000,Finance,Manager
E2156,2019-08-23,2023-04-16,terminated,121412,FIN,Analyst
E2157,2016-04-06,2017-10-24,Term,154475,FIN,Director
E2158,2018-04-05,,Active,65735,HR,Director
E2159,2018-02-07,2019-05-03,Terminated,148233,MKT,Coordinator
E2160,2017-07-08,,Active,91912,MKT,Director
E2161,2019-05-13,,ACTIVE,127028,FIN,Director
E2162,2024-03-25,,Active,100237,FIN,Director
E2163,2019-11-05,,active,160241,FIN,Manager
E2164,2017-04-26,,ACTIVE,56256,Engineering,Manager
E2165,2020-02-11,,Active,92747,HR,Coordinator
E2166,2020-01-28,,ACTIVE,110703,Finance,Analyst
E2167,2019-07-28,,ACTIVE,110330,ENG,Manager
E2168,2023-05-06,,active,114517,Marketing,Coordinator
E2169,2016-03-03,,ACTIVE,68572,Finance,Analyst
E2170,2018-07-19,2019-08-23,Term,143722,ENG,Manager
E2171,2023-07-29,2028-06-27,terminated,128297,Finance,Coordinator
E2172,2019-08-24,,ACTIVE,75808,FIN,Director
E2173,2021-01-28,,active,115007,Marketing,Analyst
E2174,2022-01-07,,ACTIVE,120038,MKT,Engineer
E2175,2017-01-25,2018-02-16,Term,79616,Finance,Coordinator
E2176,2018-11-16,,active,102823,HR,Director
E2177,2021-04-23,2022-08-28,Term,63879,Finance,Engineer
E2178,2017-10-01,,active,131109,MKT,Manager
E2179,2020-08-07,,active,145698,HR,Analyst
E2180,2016-01-11,,ACTIVE,69172,Finance,Director
E2181,2023-05-06,2023-08-27,terminated,77033,Finance,Engineer
E2182,2021-04-18,,active,132478,FIN,Engineer
E2183,2021-01-12,,Active,125291,Human Resources,Engineer
E2184,2018-08-31,,Active,72706,ENG,Manager
E2185,2020-04-03,2022-07-26,Terminated,73348,Marketing,Manager
E2186,2024-04-16,,ACTIVE,151940,Finance,Director
E2187,2022-05-21,2026-03-20,Terminated,75167,Finance,Director
E2188,2023-03-24,2026-03-16,Terminated,65489,Human Resources,Analyst
E2189,2023-11-17,,active,78739,HR,Director
E2190,2016-08-21,,active,151784,FIN,Coordinator
E2191,2023-06-23,2024-06-08,terminated,70173,MKT,Manager
E2192,2023-04-08,,ACTIVE,69991,Marketing,Analyst
E2193,2017-03-05,,Active,87813,Finance,Coordinator
E2194,2019-10-06,2021-09-03,Terminated,144620,FIN,Manager
E2195,2023-10-20,,Active,157211,MKT,Analyst
E2196,2017-03-05,,active,70428,FIN,Analyst
E2197,2016-06-19,,Active,119379,MKT,Coordinator
E2198,2018-03-31,,ACTIVE,55369,HR,Analyst
E2199,2019-03-29,,active,103867,Marketing,Manager
